index,time_seconds
0,0.005805
1,0.052245
2,1.306122
3,2.560000
4,3.813878
5,5.067755
6,6.321633
7,7.169161
