index,time_seconds
0,0.069660
1,1.323537
2,2.577415
3,3.831293
4,5.085170
5,6.339048
6,7.215601
