index,time_seconds
0,0.052245
1,0.673379
2,1.288707
3,2.229116
4,2.560000
5,3.186939
6,3.808073
7,4.748481
8,5.067755
9,6.310023
